type,name,has_yaml,has_function_py,has_config_default,description,source,depends_on,required,configured,notes
tool,file_deleter,True,True,True,Soft-delete a file by renaming it with a _deleted suffix,system,[],False,True,
tool,file_download,True,True,False,将工作区文件生成可下载链接，用户点击即可下载查看,system,,,True,
tool,file_reader,True,True,True,Read file contents or list directory entries,system,[],False,True,
tool,file_writer,True,True,True,Create or overwrite a file with content. File is written after user reviews and approves the preview.,system,[],False,True,
tool,handoff_to_sys,True,True,False,"当用户需要创建/修改/删除资源（工具、skill、模型），或需要写入 tools/skills/models 路径，
或当前工具集无法满足请求时调用。调用后任务将转交给系统工程师 Agent。
",system,,,True,
tool,image_understanding,False,False,True,,system,"[{'type': 'model', 'name': 'vlm'}]",False,True,CONFIG_STUB: no function.py
tool,manage_hooks,True,True,True,"Manage session lifecycle hooks. Hooks are external commands that run at specific session events (SessionStart, PreToolUse, PostToolUse, SessionEnd). Use 'list' to see current hooks, 'add' to register a new hook, 'remove' to delete a hook, 'update' to modify an existing hook. When a user wants automated actions (e.g., send email after tool execution, log to external service), register a PostToolUse hook with the appropriate command.",system,[],False,True,
tool,memory_store,True,True,True,"Long-term memory that persists across conversations. Read current memories, write new ones (with automatic backup), check storage stats, and compress memories. Use 'read' to see stored memories, 'write' to persist new memories (merges with existing), 'stats' to check storage usage, 'compress' to consolidate memories using a specified model.",system,[],False,True,
tool,model_manager,True,True,True,"Manage model resources: create, list, get, update, delete, test, and switch models. Use 'list' to see all configured models, 'create' to add a new model (quick_thinking, embedding, rerank, vision, tts, etc.), 'test' to verify connectivity, and 'switch' to change the active model.",system,[],False,True,
tool,model_switch,True,True,True,"Switch the active model at runtime. Session starts with quick_thinking (reasoning, fast). Call this tool when: (1) simple tasks → use quick_thinking, (2) complex tasks or task retried >3 rounds → switch to deep_thinking. Degradation: if target level is unavailable, the next higher level is used automatically.",system,[],False,True,
tool,ocr,False,False,True,,system,"[{'type': 'model', 'name': 'vlm'}]",False,True,CONFIG_STUB: no function.py
tool,resource_loader,True,True,True,"Activate or deactivate tools and skills on demand. Use 'list_active' to see available vs active tools, 'activate' to load tools discovered from skills, 'deactivate' to free resources. Kernel tools (file_reader, file_writer, file_deleter, resource_loader) cannot be deactivated.",system,[],False,True,
tool,resource_registrar,True,True,True,"Query and request configuration for system resources. Use 'check' to verify if a resource is configured, 'list_pending' to see all unconfigured resources, 'check_deps' to verify dependencies.",system,[],False,True,
tool,speech_output,False,False,True,,system,"[{'type': 'model', 'name': 'tts'}]",False,True,CONFIG_STUB: no function.py
tool,speech_understanding,False,False,True,,system,"[{'type': 'model', 'name': 'stt'}]",False,True,CONFIG_STUB: no function.py
tool,video_understanding,False,False,True,,system,[],False,True,CONFIG_STUB: no function.py
tool,web_fetch,True,True,True,通过 HTTP GET 获取网页内容，伪装浏览器 User-Agent，返回纯文本,system,[],False,True,
tool,web_search,False,False,True,,system,[],False,True,CONFIG_STUB: no function.py
skill,db_operator,True,N/A,True,"SQLite database operations — create tables, insert, update, query",system,[],False,True,
skill,error_handler,True,N/A,True,"Self-healing error handling — analyze tool errors, fix and retry",system,[],False,True,
skill,memory_compress,True,N/A,False,Compress and consolidate long-term memory to free up storage space. Run this when memory_store returns compression_needed=true (>=70% of 1MB) or during daily maintenance. Prefer using a quick_thinking (flash) model for compression.,system,,,True,
skill,memory_extract,True,N/A,False,"Extract important information from the current conversation and persist it as long-term memory. Invoke after each assistant response when the conversation reveals user preferences, personal information, or other worth-remembering facts.",system,,,True,
skill,memory_management,True,N/A,True,"Comprehensive guide for ARF's long-term memory system. Read this to understand the dual memory architecture, learn when and how to extract memories after conversations, and how to compress memories when storage fills up.",system,"[{'type': 'model', 'name': 'quick_thinking'}]",False,True,
skill,model_configurator,True,N/A,True,Configure models — add new model configs or modify existing ones,system,[],False,True,
skill,model_manager,True,N/A,True,Manage models — soft delete and restore,system,[],False,True,
skill,model_switch,True,N/A,True,Runtime model switching — choose the right model for the task complexity,system,[],False,True,
skill,rag_operator,False,N/A,True,,system,"[{'type': 'model', 'name': 'embedding'}, {'type': 'model', 'name': 'rerank'}]",False,True,CONFIG_STUB: no skill.yaml
skill,resource_scaffold,True,N/A,True,Generate a new Tool or Skill resource from requirements,system,[],False,True,
skill,skill_generator,True,N/A,True,Generate new Skill definitions from user requirements,system,[],False,True,
skill,skill_manager,True,N/A,True,Manage skills — soft delete and restore,system,[],False,True,
skill,tool_generator,True,N/A,True,Generate new Tool definitions and implementations from user requirements,system,[],False,True,
skill,tool_manager,True,N/A,True,Manage tools — soft delete and restore,system,[],False,True,
skill,validate_tool,True,N/A,False,Validate a newly created tool by checking structure and dry-running,system,,,True,
model,deep_thinking,N/A,N/A,True,深度思考模型，用于复杂推理、代码生成等核心任务，是系统的必备模型,system,[],True,False,model_type=deep_thinking context_window=1048576
model,embedding,N/A,N/A,True,嵌入模型，用于文本向量化，是 RAG 的依赖项,system,[],False,False,model_type=embedding context_window=
model,quick_no_thinking,N/A,N/A,True,无思考快速模型，用于会话初始响应，不进行内部推理,system,[],False,False,model_type=quick_no_thinking context_window=1048576
model,quick_thinking,N/A,N/A,True,快速思考模型，用于简单总结和摘要任务,system,[],False,False,model_type=quick_thinking context_window=1048576
model,rerank,N/A,N/A,True,重排序模型，用于对检索结果进行精排，是 RAG 的依赖项,system,[],False,False,model_type=rerank context_window=
model,stt,N/A,N/A,True,语音识别模型（Speech-to-Text），用于语音理解的依赖项,system,[],False,False,model_type=stt context_window=
model,tts,N/A,N/A,True,文字转语音模型（Text-to-Speech），用于语音输出的依赖项,system,[],False,False,model_type=tts context_window=
model,vision,N/A,N/A,True,视觉模型，用于图片理解的依赖项,system,[],False,False,model_type=vision context_window=
model,vlm,N/A,N/A,True,视觉语言模型，用于图片理解和 OCR 等视觉任务的依赖项,system,[],False,False,model_type=vlm context_window=
